{
    "96h": {
        "MSE": 16.407230377197266,
        "MAE": 3.14461350440979,
        "RMSE": 4.050583839416504,
        "MAPE": 243020400.0,
        "train_losses": [
            0.1985065139275282,
            0.12146914952454414,
            0.0931452680577306,
            0.0810468080255421,
            0.0670505623590756,
            0.05176312640864164,
            0.04525408053651769,
            0.04294876232148802,
            0.040116333838631495,
            0.03741423544434316,
            0.0357750987911478,
            0.03471307197902748,
            0.02752039997164715,
            0.025782200131327548,
            0.024958340966321053,
            0.02459066726287153,
            0.02364091349745843,
            0.02314087412656939,
            0.020590302886124304,
            0.019964470225881707,
            0.019597428798814244,
            0.019443905124678574,
            0.019291611036602804,
            0.018906672784880278,
            0.0187177707446105,
            0.018647313913072835,
            0.01739950602170714,
            0.01715652920563329,
            0.017109766146762573,
            0.016957192656960576,
            0.016900948828403303,
            0.016790907592215437,
            0.01666556684637165,
            0.0165913522520915,
            0.01610243231295905,
            0.016010456042304794,
            0.015888568885782932,
            0.015862114534297204,
            0.015836287388934733,
            0.015799004691058494,
            0.015536064760105566,
            0.015474234804253471,
            0.01550268802910726,
            0.015431979331782366,
            0.01539592035213842,
            0.015364927311546784,
            0.01529487095367005,
            0.01523774859812507,
            0.015277575929351944,
            0.015229892684146762
        ],
        "val_losses": [
            0.24564724521511755,
            0.20455809769829983,
            0.19937652426912436,
            0.1684257422066426,
            0.17495659677234338,
            0.15330162297942446,
            0.15891434235551294,
            0.16257446748764953,
            0.17402294726687723,
            0.16836189773316848,
            0.17430801934784756,
            0.16823614497528425,
            0.1642088429804655,
            0.1726900012022459,
            0.15668293220323207,
            0.16004561834318534,
            0.16254030772295314,
            0.15690034064128017,
            0.15363500288257648,
            0.14633080690255473,
            0.15125444726366347,
            0.15382929047757118,
            0.1552347350107502,
            0.15216496170659424,
            0.15477889838080275,
            0.15397730990897873,
            0.14777514001169126,
            0.1452134045266854,
            0.14665164144330656,
            0.1461044208480848,
            0.15104108162609456,
            0.14858843976095792,
            0.150438180751691,
            0.1496226368752192,
            0.14943060919457,
            0.15238153520631206,
            0.14606022925464604,
            0.14649808806004472,
            0.1507502183964154,
            0.14862730135097774,
            0.15044573572091352,
            0.14901261487303208,
            0.15101512041171153,
            0.14693935719396128,
            0.14893994302615213,
            0.1527145670006496,
            0.14907306031205772,
            0.1493396926166885,
            0.1478835094834248,
            0.14811603456309688
        ]
    },
    "192h": {
        "MSE": 13.097806930541992,
        "MAE": 2.8103322982788086,
        "RMSE": 3.619089126586914,
        "MAPE": 215436704.0,
        "train_losses": [
            0.20978142161311797,
            0.1324143459665871,
            0.10513008903242628,
            0.08321873671887067,
            0.0685597864596358,
            0.05914666467713287,
            0.052258800105978276,
            0.047768222242993263,
            0.04517089707362428,
            0.04250223868733757,
            0.04041853083682124,
            0.03936272757202786,
            0.038300124733601434,
            0.03648786443028469,
            0.03459023158428017,
            0.03442494554230419,
            0.03225934781613522,
            0.03167264740264927,
            0.03236072648306634,
            0.030097528887618002,
            0.030053175431513913,
            0.024374627995107513,
            0.02336017714548686,
            0.0230172490276616,
            0.02259379991607356,
            0.022285589084388744,
            0.022076306130547306,
            0.021732595581910884,
            0.01994035914090859,
            0.01942538599865686,
            0.01930214861662554,
            0.0191754936502782,
            0.019058700014235347,
            0.0189692116899281,
            0.01807048719566086,
            0.017896133519948808,
            0.01789913090799833,
            0.01776342933882657,
            0.0176979072102353,
            0.017618516280288352,
            0.017275342320768668,
            0.017170936495924605,
            0.017164498827252888,
            0.01709793181465714,
            0.017067959701927034,
            0.01702815813109798,
            0.01689575502434221,
            0.016810552072249373,
            0.016780311476449226,
            0.01683403323866407
        ],
        "val_losses": [
            0.23453835835311118,
            0.2499926000390415,
            0.23413277388291867,
            0.2445541999388962,
            0.19392063469515236,
            0.18883167791471608,
            0.21997570721965923,
            0.20232983022550785,
            0.21062676097565877,
            0.1870043901747117,
            0.2065490280680096,
            0.19090621111430392,
            0.17857158713305313,
            0.18514085886384554,
            0.158658167817076,
            0.1812078851656701,
            0.20406868653207821,
            0.16601675361321033,
            0.1744618405575663,
            0.19856796120724227,
            0.18840083409314112,
            0.15768955813080796,
            0.17671372732537335,
            0.1660591872811055,
            0.16992834467124932,
            0.17556746096026135,
            0.16440054488528338,
            0.18125689047130258,
            0.16758625836435723,
            0.17189866789239192,
            0.1635660529772583,
            0.17223922537623326,
            0.17267742543071016,
            0.17468408167481192,
            0.16863554671698042,
            0.16793276689995884,
            0.1685169873562219,
            0.16798157276614417,
            0.16679431642774936,
            0.16702784648234853,
            0.16823759716873915,
            0.16662646719718163,
            0.16800986513360056,
            0.16932247369550169,
            0.16996954083196522,
            0.17040328699418464,
            0.1677594156792215,
            0.1687372689728219,
            0.16833469273813792,
            0.16965314677079507
        ]
    },
    "336h": {
        "MSE": 13.798882484436035,
        "MAE": 2.860250234603882,
        "RMSE": 3.7146847248077393,
        "MAPE": 245434832.0,